{
    "images":
    {
        "menu_background":{  
            "image": "tekkify:textures/menu-background.png",
            "posX": 0,
            "posY": 0,
            "width": 250,
            "height": 512,
            "alignment": "top_left"
        },

        "title":
        {
            "image": "tekkify:textures/logo.png",
            "posX": -260,
            "posY": 22,
            "width": 225,
            "height": 169,
            "alignment": "top_right"
        }
    },
    
    "buttons":
    {
        "singleplayer":
        {
            "text" : "menu.singleplayer",
            "posX" : 16,
            "posY" : -60,
            "width" : 98,
            "height" : 20,
            "texture": "tekkify:textures/button-primary.png",
            "normalTextColor": 16777215,
            "hoverTextColor": 0,
            "shadow": false,
            "alignment": "left_center"
        },
        
        "multiplayer":
        {
            "text" : "menu.multiplayer",
            "posX" : 16,
            "posY" : -36,
            "width" : 98,
            "height" : 20,
            "texture": "tekkify:textures/button-cta.png",
            "normalTextColor": 0,
            "hoverTextColor": 0,
            "shadow": false,
            "alignment": "left_center"
        },
            
        "options":
        {
            "text" : "menu.options",
            "posX" : 16,
            "posY" : -12,
            "width" : 98,
            "height" : 20,
            "texture": "tekkify:textures/button-primary.png",
            "normalTextColor": 16777215,
            "hoverTextColor": 0,
            "shadow": false,
            "alignment": "left_center"
        },
        
        "quit":
        {
            "text" : "menu.quit",
            "posX" : 16,
            "posY" : 44,
            "width" : 98,
            "height" : 20,
            "texture": "tekkify:textures/button-primary.png",
            "normalTextColor": 16777215,
            "hoverTextColor": 0,
            "shadow": false,
            "alignment": "left_center"
        },

        "website":
        {
            "text": "Visit Website",
            "posX": -200,
            "posY": 192,
            "width" : 98,
            "height" : 20,
            "texture": "tekkify:textures/button-primary.png",
            "normalTextColor": 16777215,
            "hoverTextColor": 0,
            "shadow": false,
            "alignment": "top_right"
        },
        
        "refresh":
        {
            "text" : "",
            "posX" : -154,
            "posY" : 132,
            "width" : 20,
            "height" : 20
        }
    },
    
    "texts":
    {
        "mojang":
        {
            "text" : "",
            "posX" : 0,
            "posY" : 0,
            "color" : -1,
            "alignment" : "bottom_right"
        }
    },
    
    "other":
    {
        "background":
        {
            "image" : "tekkify:textures/background.jpg",
            "mode" : "fill"
        }
    }
}