{
    "copper": {
        "template": "uniform",
        "block": {"name": "Forestry:resources", "metadata": 1},
        "clusterSize": 8,
        "numClusters": 8,
        "minHeight": 32,
        "maxHeight": 64,
        "retrogen": "true",
        "biomeRestriction": "none",
        "biomes": [
            "all"
        ],
        "dimensionRestriction": "blacklist",
        "dimensions": [
            -1,
            1
        ]
    },
    "tin": {
        "template": "uniform",
        "block": {"name": "Forestry:resources", "metadata": 2},
        "clusterSize": 6,
        "numClusters": 6,
        "minHeight": 20,
        "maxHeight": 48,
        "retrogen": "true",
        "biomeRestriction": "none",
        "biomes": [
            "all"
        ],
        "dimensionRestriction": "blacklist",
        "dimensions": [
            -1,
            1
        ]
    }
}