{
    "images":
    {
        "title":
        {
            "image": "tekkify:textures/icon-server1.png",
            "posX": -71,
            "posY": 20,
            "width": 143,
            "height": 31,
            "alignment": "top_center"
        }
    },
    
    "buttons":
    {
        "playtekkify":
        {
            "text" : "Play Tekkify",
            "posX" : -49,
            "posY" : 70,
            "width" : 98,
            "height" : 20,
            "texture": "tekkify:textures/button-cta.png",
            "normalTextColor": 0,
            "hoverTextColor": 0,
            "shadow": false,
            "alignment": "top_center",
            "action":
            {
                "type": "connectToServer",
                "ip": "play.tekkify.com"
            }
        },

        "singleplayer":
        {
            "text" : "menu.singleplayer",
            "posX" : -49,
            "posY" : 94,
            "width" : 98,
            "height" : 20,
            "texture": "tekkify:textures/button-primary.png",
            "normalTextColor": 16777215,
            "hoverTextColor": 0,
            "shadow": false,
            "alignment": "top_center",
            "action":
            {
                "type": "openGui",
                "gui": "singleplayer"
            }
        },

        "multiplayer":
        {
            "text" : "menu.multiplayer",
            "posX" : -49,
            "posY" : 118,
            "width" : 98,
            "height" : 20,
            "texture": "tekkify:textures/button-primary.png",
            "normalTextColor": 16777215,
            "hoverTextColor": 0,
            "shadow": false,
            "alignment": "top_center",
            "action":
            {
                "type": "openGui",
                "gui": "multiplayer"
            }
        },
            
        "options":
        {
            "text" : "menu.options",
            "posX" : -49,
            "posY" : 142,
            "width" : 98,
            "height" : 20,
            "texture": "tekkify:textures/button-primary.png",
            "normalTextColor": 16777215,
            "hoverTextColor": 0,
            "shadow": false,
            "alignment": "top_center",
            "action":
            {
                "type": "openGui",
                "gui": "options"
            }
        },
        
        "quit":
        {
            "text" : "menu.quit",
            "posX" : -49,
            "posY" : 190,
            "width" : 98,
            "height" : 20,
            "texture": "tekkify:textures/button-primary.png",
            "normalTextColor": 16777215,
            "hoverTextColor": 0,
            "shadow": false,
            "alignment": "top_center",
            "action":
            {
                "type": "quit"
            }
        },

        "website":
        {
            "text": "W",
            "posX": -49,
            "posY": 166,
            "width" : 30,
            "height" : 20,
            "texture": "tekkify:textures/button-icon.png",
            "normalTextColor": 16777215,
            "hoverTextColor": 0,
            "shadow": false,
            "alignment": "top_center",
            "link": "http://tekkify.com",
            "tooltip": "Visit Website",
            "action":
            {
                "type": "openLink",
                "link": "http://tekkify.com"
            }
        },
        "store":
        {
            "text": "S",
            "posX": -15,
            "posY": 166,
            "width" : 30,
            "height" : 20,
            "texture": "tekkify:textures/button-icon.png",
            "normalTextColor": 16777215,
            "hoverTextColor": 0,
            "shadow": false,
            "alignment": "top_center",
            "link": "http://store.tekkify.com",
            "tooltip": "Visit Store",
            "action":
            {
                "type": "openLink",
                "link": "http://store.tekkify.com"
            }
        },
        "discord":
        {
            "text": "D",
            "posX": 19,
            "posY": 166,
            "width" : 30,
            "height" : 20,
            "texture": "tekkify:textures/button-icon.png",
            "normalTextColor": 16777215,
            "hoverTextColor": 0,
            "shadow": false,
            "alignment": "top_center",
            "link": "http://discord.gg/skWKqu6",
            "tooltip": "Join Discord",
            "action":
            {
                "type": "openLink",
                "link": "http://discord.gg/skWKqu6"
            }
        }
    },
    
    "labels":
    {
        "mojang":
        {
            "text" : "",
            "posX" : 0,
            "posY" : 0,
            "color" : -1,
            "alignment" : "bottom_right"
        }
    },
    
    "other":
    {
        "background":
        {
            "image" : "tekkify:textures/tekkify5-menu1.jpg",
            "mode" : "fill"
        }
    }
}