{
    "copperlead": {
        "template": "uniform",
        "block": [
            {"name": "ThermalFoundation:Ore", "metadata": 0, "weight": 80}, // Copper
            {"name": "ThermalFoundation:Ore", "metadata": 3, "weight": 20} // Lead
        ],
        "clusterSize": 9,
        "numClusters": 8,
        "minHeight": 32,
        "maxHeight": 75,
        "retrogen": "true",
        "biomeRestriction": "none",
        "biomes": [
            "all"
        ],
        "dimensionRestriction": "blacklist",
        "dimensions": [
            -1,
            1
        ]
    },
    "tinaluminum": {
        "template": "uniform",
        "block": [
            {"name": "ThermalFoundation:Ore", "metadata": 1, "weight": 70}, // Tin
            {"name": "TConstruct:SearedBrick", "metadata": 5, "weight": 30} // Aluminum
        ],
        "clusterSize": 7,
        "numClusters": 6,
        "minHeight": 20,
        "maxHeight": 50,
        "retrogen": "true",
        "biomeRestriction": "none",
        "biomes": [
            "all"
        ],
        "dimensionRestriction": "blacklist",
        "dimensions": [
            -1,
            1
        ]
    },
    "certusquartz": {
        "template": "uniform",
        "block": [
            { "name": "appliedenergistics2:tile.OreQuartz", "metadata": 0, "weight": 90 },
            { "name": "appliedenergistics2:tile.OreQuartzCharged", "metadata": 0, "weight": 10 }
        ],
        "clusterSize": 6,
        "numClusters": 6,
        "minHeight": 0,
        "maxHeight": 64,
        "retrogen": "true",
        "biomeRestriction": "none",
        "biomes": [],
        "dimensionRestriction": "blacklist",
        "dimensions": [
            -1,
            1
        ]
    }
}