{
    "dirt": {
        "template": "uniform",
        "block": "dirt",
        "material": "minecraft:stone",
        "clusterSize": 32,
        "numClusters": 20,
        "minHeight": 0,
        "maxHeight": 128,
        "retrogen": "false",
        "biomeRestriction": "none",
        "biomes": [],
        "dimensionRestriction": "blacklist",
        "dimensions": [
            -1,
            1
        ]
    },
    "gravel": {
        "template": "uniform",
        "block": "gravel",
        "material": "stone",
        "clusterSize": 32,
        "numClusters": 10,
        "minHeight": 0,
        "maxHeight": 128,
        "retrogen": "false",
        "biomeRestriction": "none",
        "biomes": [],
        "dimensionRestriction": "blacklist",
        "dimensions": [
            -1,
            1
        ]
    },
    "coal": {
        "template": "uniform",
        "block": "coal_ore",
        "material": "stone",
        "clusterSize": 12,
        "numClusters": 15,
        "minHeight": 0,
        "maxHeight": 128,
        "retrogen": "true",
        "biomeRestriction": "none",
        "biomes": [],
        "dimensionRestriction": "blacklist",
        "dimensions": [
            -1,
            1
        ]
    },
    "ironferrous": {
        "template": "uniform",
        "block": [
            {"name": "iron_ore", "metadata": 0, "weight": 90},
            {"name": "ThermalFoundation:Ore", "metadata": 4, "weight": 10} // Ferrous
        ],
        "material": "minecraft:stone",
        "clusterSize": 8,
        "numClusters": 7,
        "minHeight": 24,
        "maxHeight": 64,
        "retrogen": "true",
        "biomeRestriction": "none",
        "biomes": [],
        "dimensionRestriction": "blacklist",
        "dimensions": [
            -1,
            1
        ]
    },
    "goldsilver": {
        "template": "uniform",
        "block": [
            {"name": "gold_ore", "metadata": 0, "weight": 70},
            {"name": "ThermalFoundation:Ore", "metadata": 2, "weight": 30} // Silver
        ],
        "material": "minecraft:stone",
        "clusterSize": 4,
        "numClusters": 2,
        "minHeight": 8,
        "maxHeight": 28,
        "retrogen": "true",
        "biomeRestriction": "none",
        "biomes": [],
        "dimensionRestriction": "blacklist",
        "dimensions": [
            -1,
            1
        ]
    },
    "redstone": {
        "template": "uniform",
        "block": "redstone_ore",
        "material": "minecraft:stone",
        "clusterSize": 7,
        "numClusters": 4,
        "minHeight": 0,
        "maxHeight": 16,
        "retrogen": "true",
        "biomeRestriction": "none",
        "biomes": [],
        "dimensionRestriction": "blacklist",
        "dimensions": [
            -1,
            1
        ]
    },
    "diamond": {
        "template": "uniform",
        "block": "diamond_ore",
        "material": "minecraft:stone",
        "clusterSize": 6,
        "numClusters": 1,
        "minHeight": 0,
        "maxHeight": 16,
        "retrogen": "true",
        "biomeRestriction": "none",
        "biomes": [],
        "dimensionRestriction": "blacklist",
        "dimensions": [
            -1,
            1
        ]
    },
    "lapis": {
        "template": "normal",
        "block": "lapis_ore",
        "material": "minecraft:stone",
        "clusterSize": 6,
        "numClusters": 1,
        "meanHeight": 16,
        "maxVariance": 16,
        "retrogen": "true",
        "biomeRestriction": "none",
        "biomes": [],
        "dimensionRestriction": "blacklist",
        "dimensions": [
            -1,
            1
        ]
    },
    "quartz": {
        "template": "uniform",
        "block": "quartz_ore",
        "material": "minecraft:netherrack",
        "clusterSize": 13,
        "numClusters": 16,
        "minHeight": 10,
        "maxHeight": 118,
        "retrogen": "true",
        "biomeRestriction": "whitelist",
        "biomes": [
            {"type": "dictionary", "entry": "NETHER"}
        ],
        "dimensionRestriction": "none",
        "dimensions": []
    }
}