<!--

  IMPORTANT:
  This is the core recipe file. Modifying this file will have no effect.
  It will be rewritten by EnderIO and all modifications made to it will be lost. To add
  or modify recipes please use 'SagMillRecipes_User.xml'

  Recipes are organized into named groups. A group of recipes can be disabled by setting the attribute 'enabled=false'.
  A recipe group is composed of one or more recipes.
  
  NB: All recipes MUST belong to a group.

  Examples:
  <recipeGroup name="EnderIO">
    <recipe>...</recipe>
    <recipe>...</recipe>
  <recipeGroup/>

  <recipeGroup name="EnderIO" enabled="false">
    <recipe>...</recipe>
    <recipe>...</recipe>
  <recipeGroup/>


  Each recipe must be named and contains one or more input item stack definition and one or more output stack definitions.
  For each input, all outputs are produced.
  A recipe may also define the amount of energy used to complete it. The default value used is 4000 RF. A typical
  value for an ingot to dust recipe is 2400 RF.

  Examples:
  <recipe name="Blah">
    <input> 
      <itemStack/> 
    </input>
    <output> 
      <itemStack/> 
    </output>
  </recipe>

  <recipe name="BlahBlah" energyCost="2400">
    <input> 
      <itemStack/> </input>
    <output> 
      <itemStack/> 
    </output>
    <output> 
      <itemStack/> 
    </output>
  </recipe>


  Valid input item definitions:
  - Must have either: modID + itemName or oreDictionary
  - 'modID' is the identifier registered by the mod with Forge (for example vanilla blocks use 'minecraft' while Ender IO is 'EnderIO').
  This value can be found in the details panel of Forge's 'mods' UI.
  - 'itemName' the name used to register the block/item with forge. To write all registered items to config/modObjectsRegistery.txt
  include: <dumpRegistry modObjects="true/>
  - 'oreDictionary' will use the OreDictionary to find the appropriate itemStack. The first entry returned by the dictionary
  will be used. To write the contents of the ore dictionary to config/oreDictionaryRegistery.txt include <dumpRegistery oreDictionary="true"/>
  - The item metadata/damage may optionally be specified for all types except
  oreDictionary. If a '*' is used for the metadata value then meta data will ignored when determining if an input is valid.

  Examples:

  <itemStack modID="" itemName="" />
  <itemStack modID="" itemName="" itemMeta="" />
  <itemStack oreDictionary="" />

  Valid output definitions:
  - As per inputs with the additional optional fields, number and chance (both default to 1)
  - 'number' is the number of output items for each input
  - 'chance' is the chance the output will be crafted. Values are clamped between 0 - 1.
  For example, a chance of 0.25 will result, on average, one of these outputs
  being crafted for each 4 inputs processed by the SAG Mill.

  Examples:
  <itemStack modID="minecraft" itemName="sand"/>
  <itemStack modID="minecraft" itemName="dye" itemMeta="15" number="6" />
  <itemStack modID="minecraft" itemName="cobblestone" chance="0.15"/>
  <itemStack oreDictionary="dustNickel" number="1" chance="0.1" />   
  <itemStack modID="BiomesOPlenty" itemName="bop.bones" itemMeta="0" number="4" chance="0.1"/>

Recipes can also be added using forge IMC messages. For example, in the init method of a mod:

String recipe = 
       "<recipeGroup name=\"cheaty\">" +
         "<recipe name=\"foo\" energyCost=\"2400\">" +
           "<input>" +
            "<itemStack modID=\"minecraft\" itemName=\"dirt\"/>" +
           "</input>" +
           "<output>" +
            "<itemStack modID=\"minecraft\" itemName=\"diamond\"/>" +
           "</output>" +
          "</recipe>" +
        "</recipeGroup>";
FMLInterModComms.sendMessage("EnderIO", "recipe:sagmill", recipe); 



Grinding Balls
Grinding balls provide bonus outputs and reduced power use. Using the user config new grinding balls may be added and existing ones
removed. It is also possible to add or remove items from the 'exludes' list. Items on this list will not have grinding ball bonuses
applied and will not reduce the durability of an balls in the mill at the time they are processed.

Examples:
- Adding a new grinding ball:

  <grindingBalls>  
    <grindingBall id="Diamond" grindingMultiplier="1.5" chanceMultiplier="2" powerMultiplier="0.5" durationRF="50000">
      <itemStack modID="minecraft" itemName="diamond"/>
    </grindingBall>
  </grindingBalls>

- Removing an existing grinding ball:
  <grindingBalls>  
    <grindingBall id="Flint" remove="true"/>    
  </grindingBalls>
  
- Modifiying the excludes list: (removing glowstone, adding sand) 
  <grindingBalls>
    <excludes>
      <itemStack modID="minecraft" itemName="glowstone" remove="true"/>
      <itemStack modID="minecraft" itemName="sand"/>
    </excludes>
  </grindingBalls>


Item Information and data dumps:
To write all registered items to config/modObjectsRegistery.txt include: 
<dumpRegistry modObjects="true/>

To write the contents of the ore dictionary to config/oreDictionaryRegistery.txt include:
<dumpRegistery oreDictionary="true"/>

To show ore dictionary and/or registered names, in the EnderIO config set:
addRegisterdNameTooltip=true
addOreDictionaryTooltips=true

-->

<SAGMillRecipes>

  <!-- <dumpRegistery oreDictionary="true" modObjects="true" /> -->

  <recipeGroup name="EnderIO"> <!-- Required for EnderIO to function correctly. -->

    <!-- Sand to Silicon -->
    <recipe name="Silicon" energyCost="720">
      <input>
        <itemStack modID="minecraft" itemName="sand" />
      </input>
      <output>
        <itemStack modID="EnderIO" itemName="itemMaterial" number="1" itemMeta="0" chance="0.5" />
      </output>
    </recipe>
    
    <recipe name="SiliconRedSand" energyCost="720">
      <input>
        <itemStack modID="minecraft" itemName="sand" itemMeta="1" />
      </input>
      <output>
        <itemStack modID="EnderIO" itemName="itemMaterial" number="1" itemMeta="0" chance="0.5" />
      </output>
    </recipe>

    <recipe name="CoalOre" energyCost="3600">
      <input>
        <itemStack oreDictionary="oreCoal" />
      </input>
      <output>
        <itemStack modID="minecraft" itemName="coal" number="3" />
        <itemStack oreDictionary="dustCoal" number="1" chance="0.6"/>        
        <itemStack modID="minecraft" itemName="cobblestone" chance="0.15" />
        <itemStack modID="minecraft" itemName="diamond" chance="0.001" />
      </output>
    </recipe>

    <recipe name="Coal" energyCost="2400">
      <input>
        <itemStack modID="minecraft" itemName="coal" />
      </input>
      <output>        
        <itemStack oreDictionary="dustCoal" number="1"/>
        <itemStack oreDictionary="dustCoal" number="1" chance="0.1"/>        
        <itemStack oreDictionary="dustSulfur" number="1" chance="0.1"/>
      </output>
    </recipe>
    
    <recipe name="Charcoal" energyCost="2400">
      <input>
        <itemStack modID="minecraft" itemName="coal" itemMeta="1"/>
      </input>
      <output>
        <itemStack oreDictionary="dustCharcoal" number="1" />        
      </output>
    </recipe>

    <recipe name="IronOre" energyCost="3600">
      <input>
        <itemStack oreDictionary="oreIron" />
      </input>
      <output>          
        <itemStack oreDictionary="dustIron" number="2"/>              
        <itemStack oreDictionary="dustTin" number="1" chance="0.05" />        
        <itemStack oreDictionary="dustNickel" number="1" chance="0.1" />
        <itemStack modID="minecraft" itemName="cobblestone" chance="0.15" />
      </output>
    </recipe>

    <recipe name="IronIngot" energyCost="2400">
      <input>
        <itemStack oreDictionary="ingotIron" />
      </input>
      <output>
        <itemStack oreDictionary="dustIron" number="1"/>
      </output>
    </recipe>

    <recipe name="GoldOre" energyCost="3600">
      <input>
        <itemStack oreDictionary="oreGold" />
      </input>
      <output>
        <itemStack oreDictionary="dustGold" number="2"/>               
        <itemStack oreDictionary="dustCopper" number="1" chance="0.2" />        
        <itemStack modID="minecraft" itemName="cobblestone" chance="0.15" />
      </output>
    </recipe>

    <recipe name="GoldIngot" energyCost="2400">
      <input>
        <itemStack oreDictionary="ingotGold" />
      </input>
      <output>
        <itemStack oreDictionary="dustGold" number="1"/>
      </output>
    </recipe>

    <recipe name="EnderPearl" energyCost="1600">
      <input>
        <itemStack modID="minecraft" itemName="ender_pearl" />
      </input>
      <output>
        <itemStack oreDictionary="dustEnderPearl" number="1"/>        
      </output>
    </recipe>

  </recipeGroup>

  <recipeGroup name="Vanilla">

    <recipe name="Strone Bricks" energyCost="2400">
      <input>
        <itemStack modID="minecraft" itemName="stonebrick" />
      </input>
      <output>
        <itemStack modID="minecraft" itemName="cobblestone"/>
      </output>
    </recipe>

    <recipe name="CrackedBricks" energyCost="2000">
      <input>
        <itemStack modID="minecraft" itemName="stonebrick" itemMeta="2" />
      </input>
      <output>
        <itemStack modID="minecraft" itemName="cobblestone"/>
      </output>
    </recipe>

    <recipe name="ChisledBricks" energyCost="2800">
      <input>
        <itemStack modID="minecraft" itemName="stonebrick" itemMeta="3" />
      </input>
      <output>
        <itemStack modID="minecraft" itemName="cobblestone"/>
      </output>
    </recipe>

    <recipe name="Stone" energyCost="2400">
      <input>
        <itemStack modID="minecraft" itemName="stone" />
      </input>
      <output>
        <itemStack modID="minecraft" itemName="cobblestone" />
      </output>
    </recipe>

    <recipe name="Cobblestone" energyCost="2400">
      <input>
        <itemStack modID="minecraft" itemName="cobblestone" />
      </input>
      <output>
        <itemStack modID="minecraft" itemName="sand" />
        <itemStack modID="minecraft" itemName="gravel" chance="0.1" />
      </output>
    </recipe>

    <recipe name="Sandstone" energyCost="2400">
      <input>
        <itemStack modID="minecraft" itemName="sandstone" />
      </input>
      <output>
        <itemStack modID="minecraft" itemName="sand" number="2" />
        <itemStack modID="minecraft" itemName="sand" number="2" chance="0.4" />
        <itemStack oreDictionary="dustSaltpeter" number="1" chance ="0.15"/>
      </output>
    </recipe>


    <recipe name="Glass" energyCost="1200">
      <input>
        <itemStack oreDictionary="glass" />
      </input>
      <output>
        <itemStack modID="minecraft" itemName="sand" />
      </output>
    </recipe>

    <recipe name="Gravel" energyCost="2400">
      <input>
        <itemStack modID="minecraft" itemName="gravel" />
      </input>
      <output>
        <itemStack modID="minecraft" itemName="flint" />
        <itemStack modID="minecraft" itemName="flint" chance="0.1" />
        <itemStack modID="minecraft" itemName="sand" chance="0.1" />
      </output>
    </recipe>

    <recipe name="Netherrack" energyCost="2400">
      <input>
        <itemStack modID="minecraft" itemName="netherrack" />
      </input>
      <output>
        <itemStack oreDictionary="dustSulfur" chance="0.15" />
      </output>
    </recipe>

    <recipe name="BlazeRod" energyCost="2400">
      <input>
        <itemStack modID="minecraft" itemName="blaze_rod" />
      </input>
      <output>
        <itemStack modID="minecraft" itemName="blaze_powder" number="4" />
        <itemStack oreDictionary="dustSulfur" chance="0.5" />
      </output>
    </recipe>

    <recipe name="GlowStone" energyCost="2400">
      <input>
        <itemStack modID="minecraft" itemName="glowstone" />
      </input>
      <output>
        <itemStack modID="minecraft" itemName="glowstone_dust" number="3" />
        <itemStack modID="minecraft" itemName="glowstone_dust" number="1" chance="0.8" />
      </output>
    </recipe>

    <recipe name="Bone" energyCost="2400">
      <input>
        <itemStack modID="minecraft" itemName="bone" />
      </input>
      <output>
        <itemStack modID="minecraft" itemName="dye" itemMeta="15" number="6" />
        <itemStack modID="minecraft" itemName="dye" itemMeta="15" number="2" chance="0.1" />
      </output>
    </recipe>

    <recipe name="ClayBlock" energyCost="2400">
      <input>
        <itemStack modID="minecraft" itemName="clay" />
      </input>
      <output>
        <itemStack modID="minecraft" itemName="clay_ball" number="2" />
        <itemStack modID="minecraft" itemName="clay_ball" number="1" chance="0.1" />
        <itemStack modID="EnderIO" itemName="itemMaterial" number="2" itemMeta="0" chance="0.8" />
      </output>
    </recipe>

    <recipe name="Wool" energyCost="1200">
      <input>
        <itemStack modID="minecraft" itemName="wool" itemMeta="*" />
      </input>
      <output>
        <itemStack modID="minecraft" itemName="string" number="3" />
        <itemStack modID="minecraft" itemName="string" number="1" chance="0.1" />
      </output>
    </recipe>

    <recipe name="Wheat" energyCost="800">
      <input>
        <itemStack modID="minecraft" itemName="wheat" />
      </input>
      <output>
        <itemStack modID="minecraft" itemName="wheat_seeds" number="2" />
      </output>
    </recipe>

    <recipe name="RedstoneOre" energyCost="3000">
      <input>
        <itemStack oreDictionary="oreRedstone" />
      </input>
      <output>
        <itemStack modID="minecraft" itemName="redstone" number="8" />
        <itemStack modID="minecraft" itemName="redstone" number="1" chance="0.2" />
        <itemStack modID="EnderIO" itemName="itemMaterial" itemMeta="0" chance="0.8" />
        <itemStack modID="minecraft" itemName="cobblestone" chance="0.15" />
      </output>
    </recipe>

    <recipe name="DiamondOre" energyCost="3000">
      <input>
        <itemStack oreDictionary="oreDiamond" />
      </input>
      <output>
        <itemStack modID="minecraft" itemName="diamond" number="1" />
        <itemStack modID="minecraft" itemName="diamond" number="1" chance="0.25" />
      </output>
    </recipe>

    <recipe name="LapisLazuliOre" energyCost="3000">
      <input>
        <itemStack oreDictionary="oreLapis" />
      </input>
      <output>
        <itemStack modID="minecraft" itemName="dye" itemMeta="4" number="8" />
        <itemStack modID="minecraft" itemName="dye" itemMeta="4" number="1" chance="0.2" />
        <itemStack modID="minecraft" itemName="cobblestone" chance="0.15" />
      </output>
    </recipe>

    <recipe name="Quartz Ore" energyCost="7200">
      <input>
        <itemStack oreDictionary="oreQuartz" />
      </input>
      <output>
        <itemStack modID="minecraft" itemName="quartz" number="4" />
        <itemStack oreDictionary="dustCertusQuartz" chance="0.05" />
      </output>
    </recipe>

    <recipe name="Block of Quartz" energyCost="2400">
      <input>
        <itemStack modID="minecraft" itemName="quartz_block" itemMeta="*" />
      </input>
      <output>
        <itemStack modID="minecraft" itemName="quartz" number="2" />
        <itemStack modID="minecraft" itemName="quartz" number="2" chance="0.25" />
      </output>
    </recipe>


    <recipe name="Quartz Stairs" energyCost="1200">
      <input>
        <itemStack modID="minecraft" itemName="quartz_stairs" />
      </input>
      <output>
        <itemStack modID="minecraft" itemName="quartz" number="2" />
        <itemStack modID="minecraft" itemName="quartz" number="2" chance="0.25" />
      </output>
    </recipe>

    <recipe name="Quartz Slab" energyCost="1200">
      <input>
        <itemStack modID="minecraft" itemName="stone_slab" itemMeta="7" />
      </input>
      <output>
        <itemStack modID="minecraft" itemName="quartz" number="1" />
        <itemStack modID="minecraft" itemName="quartz" number="1" chance="0.25" />
      </output>
    </recipe>

  </recipeGroup>

  <recipeGroup name="Common Ores/Ingots">

    <recipe name="CopperOre" energyCost="3600">
      <input>
        <itemStack oreDictionary="oreCopper" />
      </input>
      <output>
        <itemStack oreDictionary="dustCopper" number="2"/>
        <itemStack oreDictionary="dustGold" number="1" chance="0.125"/>                  
        <itemStack modID="minecraft" itemName="cobblestone" chance="0.15" />
      </output>
    </recipe>

    <recipe name="CopperIngot" energyCost="2400">
      <input>
        <itemStack oreDictionary="ingotCopper" />
      </input>
      <output>
        <itemStack oreDictionary="dustCopper" number="1"/>        
      </output>
    </recipe>

    <recipe name="TinOre" energyCost="3600">
      <input>
        <itemStack oreDictionary="oreTin" />
      </input>
      <output>
        <itemStack oreDictionary="dustTin" number="2"/>        
        <itemStack modID="minecraft" itemName="cobblestone" chance="0.15" />
      </output>
    </recipe>

    <recipe name="TinIngot" energyCost="2400">
      <input>
        <itemStack oreDictionary="ingotTin" />
      </input>
      <output>
        <itemStack oreDictionary="dustTin" number="1"/>        
      </output>
    </recipe>

    <recipe name="LeadOre" energyCost="3600">
      <input>
        <itemStack oreDictionary="oreLead" />
      </input>
      <output>
        <itemStack oreDictionary="dustLead" number="2" />
        <itemStack oreDictionary="dustSilver" chance="0.1" />
        <itemStack modID="minecraft" itemName="cobblestone" chance="0.15" />
      </output>
    </recipe>

    <recipe name="LeadIngot" energyCost="2400">
      <input>
        <itemStack oreDictionary="ingotLead" />
      </input>
      <output>
        <itemStack oreDictionary="dustLead" />
      </output>
    </recipe>

    <recipe name="SilverOre" energyCost="3600">
      <input>
        <itemStack oreDictionary="oreSilver" />
      </input>
      <output>
        <itemStack oreDictionary="dustSilver" number="2" />
        <itemStack oreDictionary="dustLead" chance="0.1" />
      </output>
    </recipe>

    <recipe name="SilverIngot" energyCost="2400">
      <input>
        <itemStack oreDictionary="ingotSilver" />
      </input>
      <output>
        <itemStack oreDictionary="dustSilver" />
      </output>
    </recipe>

    <recipe name="BronzeIngot" energyCost="2400">
      <input>
        <itemStack oreDictionary="ingotBronze" />
      </input>
      <output>
        <itemStack oreDictionary="dustBronze" />
      </output>
    </recipe>

    <recipe name="NickelIngot" energyCost="2400">
      <input>
        <itemStack oreDictionary="ingotNickel" />
      </input>
      <output>
        <itemStack oreDictionary="dustNickel" />
      </output>
    </recipe>

    <recipe name="NickelOre" energyCost="3600">
      <input>
        <itemStack oreDictionary="oreNickel" />
      </input>
      <output>
        <itemStack oreDictionary="dustNickel" number="2" />
        <itemStack oreDictionary="dustPlatinum" chance="0.1" />
      </output>
    </recipe>

  </recipeGroup>

  <recipeGroup name="Thermal Expansion">

    <recipe name="Obsidian" energyCost="4000">
      <input>
        <itemStack modID="minecraft" itemName="obsidian" />
      </input>
      <output>
        <itemStack oreDictionary="dustObsidian" number="4" />
      </output>
    </recipe>

  </recipeGroup>

  <recipeGroup name="Forestry">

    <recipe name="Log" energyCost="2400">
      <input>
        <itemStack oreDictionary="logWood" />
      </input>
      <output>
        <itemStack oreDictionary="pulpWood" number="1" />
        <itemStack oreDictionary="pulpWood" number="1" chance="0.9" />
        <itemStack oreDictionary="pulpWood" number="1" chance="0.5" />
        <itemStack oreDictionary="pulpWood" number="1" chance="0.1" />
      </output>
    </recipe>

    <recipe name="Plank" energyCost="1200">
      <input>
        <itemStack oreDictionary="plankWood" />
      </input>
      <output>
        <itemStack oreDictionary="pulpWood" number="1" chance="0.9" />
      </output>
    </recipe>

    <recipe name="Stairs" energyCost="1200">
      <input>
        <itemStack oreDictionary="stairsWood" />
      </input>
      <output>
        <itemStack oreDictionary="pulpWood" number="1" chance="0.8" />
      </output>
    </recipe>

    <recipe name="Stair" energyCost="1200">
      <input>
        <itemStack oreDictionary="stairWood" />
      </input>
      <output>
        <itemStack oreDictionary="pulpWood" number="1" chance="0.8" />
      </output>
    </recipe>

    <recipe name="SlabWood" energyCost="1200">
      <input>
        <itemStack oreDictionary="slabWood" />
      </input>
      <output>
        <itemStack oreDictionary="pulpWood" number="1" chance="0.7" />
      </output>
    </recipe>

    <recipe name="Stick" energyCost="800">
      <input>
        <itemStack oreDictionary="stickWood" />
      </input>
      <output>
        <itemStack oreDictionary="pulpWood" number="1" chance="0.15" />
      </output>
    </recipe>

  </recipeGroup>


  <recipeGroup name="Applied Energistics">


    <recipe name="ChargedCertusQuartzOre" energyCost="2400">
      <input>
        <itemStack  modID="appliedenergistics2" itemName="tile.OreQuartzCharged"  />
      </input>
      <output>
        <itemStack modID="appliedenergistics2" itemName="item.ItemMultiMaterial" itemMeta="1"/>
        <itemStack oreDictionary="dustCertusQuartz" />
      </output>
    </recipe>

    <recipe name="CertusQuartzOre" energyCost="2400">
      <input>
        <itemStack oreDictionary="oreCertusQuartz" />
      </input>
      <output>
        <itemStack oreDictionary="crystalCertusQuartz" />
        <itemStack oreDictionary="dustCertusQuartz" />
      </output>
    </recipe>

    <recipe name="CertusQuartzCrystal" energyCost="2400">
      <input>
        <itemStack oreDictionary="crystalCertusQuartz" />
      </input>
      <output>
        <itemStack oreDictionary="dustCertusQuartz" />
      </output>
    </recipe>
    
   	<recipe name="ChargedCertusQuartzCrystal" energyCost="2400">
      <input>
        <itemStack modID="appliedenergistics2" itemName="item.ItemMultiMaterial" itemMeta="1"/>
      </input>
      <output>
        <itemStack oreDictionary="dustCertusQuartz" />
      </output>
    </recipe>

    <recipe name="FluixCrystal" energyCost="2400">
      <input>
        <itemStack oreDictionary="crystalFluix" />
      </input>
      <output>
        <itemStack oreDictionary="dustFluix" />
      </output>
    </recipe>

    <recipe name="NetherQuartz" energyCost="2400">
      <input>
        <itemStack modID="minecraft" itemName="quartz" />
      </input>
      <output>
        <itemStack oreDictionary="dustNetherQuartz" />
      </output>
    </recipe>
  </recipeGroup>

  <recipeGroup name="Railcraft">

    <recipe name="Sulfur Ore" energyCost="2400">
      <input>
        <itemStack oreDictionary="oreSulfur" number="1" />
      </input>
      <output>
        <itemStack oreDictionary="dustSulfur" number="6" />
      </output>
    </recipe>

    <recipe name="CrushedObsidian" energyCost="2400">
      <input>
        <itemStack modID="Railcraft" itemName="tile.railcraft.cube" itemMeta="4" />
      </input>
      <output>
        <itemStack oreDictionary="dustObsidian" number="1" />
        <itemStack oreDictionary="dustObsidian" number="1" chance="0.01" />
      </output>
    </recipe>

  </recipeGroup>
  
  <recipeGroup name="Dense Ores">

    <recipe name="Dense Iron Ore" energyCost="2400">
      <input>
        <itemStack oreDictionary="denseoreIron" number="1" />
      </input>
      <output>
        <itemStack oreDictionary="oreIron" number="4" />
      </output>
    </recipe>
    
    <recipe name="Dense Gold Ore" energyCost="2400">
      <input>
        <itemStack oreDictionary="denseoreGold" number="1" />
      </input>
      <output>
        <itemStack oreDictionary="oreGold" number="4" />
      </output>
    </recipe>
    
    <recipe name="Dense Copper Ore" energyCost="2400">
      <input>
        <itemStack oreDictionary="denseoreCopper" number="1" />
      </input>
      <output>
        <itemStack oreDictionary="oreCopper" number="4" />
      </output>
    </recipe>
    
    <recipe name="Dense Lead Ore" energyCost="2400">
      <input>
        <itemStack oreDictionary="denseoreLead" number="1" />
      </input>
      <output>
        <itemStack oreDictionary="oreLead" number="4" />
      </output>
    </recipe>
    
    <recipe name="Dense Silver Ore" energyCost="2400">
      <input>
        <itemStack oreDictionary="denseoreSilver" number="1" />
      </input>
      <output>
        <itemStack oreDictionary="oreSilver" number="4" />
      </output>
    </recipe>
    
    <recipe name="Dense Tin Ore" energyCost="2400">
      <input>
        <itemStack oreDictionary="denseoreTin" number="1" />
      </input>
      <output>
        <itemStack oreDictionary="oreTin" number="4" />
      </output>
    </recipe>
    
    <recipe name="Dense Nickel Ore" energyCost="2400">
      <input>
        <itemStack oreDictionary="denseoreNickel" number="1" />
      </input>
      <output>
        <itemStack oreDictionary="oreNickel" number="4" />
      </output>
    </recipe>
    
    <recipe name="Dense Platinum Ore" energyCost="2400">
      <input>
        <itemStack oreDictionary="denseorePlatinum" number="1" />
      </input>
      <output>
        <itemStack oreDictionary="orePlatinum" number="4" />
      </output>
    </recipe>
    
    <recipe name="Dense Mithril Ore" energyCost="2400">
      <input>
        <itemStack oreDictionary="denseoreMithril" number="1" />
      </input>
      <output>
        <itemStack oreDictionary="oreMithril" number="4" />
      </output>
    </recipe>
    
    <recipe name="Dense Cobalt Ore" energyCost="2400">
      <input>
        <itemStack oreDictionary="denseoreCobalt" number="1" />
      </input>
      <output>
        <itemStack oreDictionary="oreCobalt" number="4" />
      </output>
    </recipe>
    
    <recipe name="Dense Ardite Ore" energyCost="2400">
      <input>
        <itemStack oreDictionary="denseoreArdite" number="1" />
      </input>
      <output>
        <itemStack oreDictionary="oreArdite" number="4" />
      </output>
    </recipe>
    
    <recipe name="Dense Coal Ore" energyCost="2400">
      <input>
        <itemStack oreDictionary="denseoreCoal" number="1" />
      </input>
      <output>
        <itemStack oreDictionary="oreCoal" number="4" />
      </output>
    </recipe>
    
    <recipe name="Dense Diamon Ore" energyCost="2400">
      <input>
        <itemStack oreDictionary="denseoreDiamond" number="1" />
      </input>
      <output>
        <itemStack oreDictionary="oreDiamond" number="4" />
      </output>
    </recipe>
    
    <recipe name="Dense Lapis Ore" energyCost="2400">
      <input>
        <itemStack oreDictionary="denseoreLapis" number="1" />
      </input>
      <output>
        <itemStack oreDictionary="oreLapis" number="4" />
      </output>
    </recipe>
    
    <recipe name="Dense Emerald Ore" energyCost="2400">
      <input>
        <itemStack oreDictionary="denseoreEmerald" number="1" />
      </input>
      <output>
        <itemStack oreDictionary="oreEmerald" number="4" />
      </output>
    </recipe>
    
    <recipe name="Dense Redstone Ore" energyCost="2400">
      <input>
        <itemStack oreDictionary="denseoreRedstone" number="1" />
      </input>
      <output>
        <itemStack oreDictionary="oreRedstone" number="4" />
      </output>
    </recipe>
    
    <recipe name="Dense Quartz Ore" energyCost="2400">
      <input>
        <itemStack oreDictionary="denseoreQuartz" number="1" />
      </input>
      <output>
        <itemStack oreDictionary="oreQuartz" number="4" />
      </output>
    </recipe>


  </recipeGroup>

  <recipeGroup name="Biomes O' Plenty">

    <recipe name="SmallBoneSegment" energyCost="2600">
      <input>
        <itemStack modID="BiomesOPlenty" itemName="bones" itemMeta="0" />
      </input>
      <output>
        <itemStack modID="minecraft" itemName="dye" itemMeta="15" number="8" />
      </output>
    </recipe>

    <recipe name="MediumBoneSegment" energyCost="3200">
      <input>
        <itemStack modID="BiomesOPlenty" itemName="bones" itemMeta="1" />
      </input>
      <output>
        <itemStack modID="minecraft" itemName="dye" itemMeta="15" number="12" />
      </output>
    </recipe>

    <recipe name="LargeBoneSegment" energyCost="4800">
      <input>
        <itemStack modID="BiomesOPlenty" itemName="bones" itemMeta="2" />
      </input>
      <output>
        <itemStack modID="minecraft" itemName="dye" itemMeta="15" number="24" />
      </output>
    </recipe>
  </recipeGroup>

  <recipeGroup name="Metallurgy">

    <!-- Metals -->
    <recipe name="ManganeseOre" energyCost="3600">
      <input>
        <itemStack oreDictionary="oreManganese" />
      </input>
      <output>
        <itemStack oreDictionary="dustManganese" number="2" />
      </output>
    </recipe>
    <recipe name="ZincOre" energyCost="3600">
      <input>
        <itemStack oreDictionary="oreZinc" />
      </input>
      <output>
        <itemStack oreDictionary="dustZinc" number="2" />
      </output>
    </recipe>
    <recipe name="SilverOre" energyCost="3600">
      <input>
        <itemStack oreDictionary="oreSilver" />
      </input>
      <output>
        <itemStack oreDictionary="dustSilver" number="2" />
      </output>
    </recipe>
    <recipe name="PlatinumOre" energyCost="3600">
      <input>
        <itemStack oreDictionary="orePlatinum" />
      </input>
      <output>
        <itemStack oreDictionary="dustPlatinum" number="2" />
      </output>
    </recipe>
    <recipe name="IgnatiusOre" energyCost="3600">
      <input>
        <itemStack oreDictionary="oreIgnatius" />
      </input>
      <output>
        <itemStack oreDictionary="dustIgnatius" number="2" />
      </output>
    </recipe>
    <recipe name="ShadowIronOre" energyCost="3600">
      <input>
        <itemStack oreDictionary="oreShadowIron" />
      </input>
      <output>
        <itemStack oreDictionary="dustShadowIron" number="2" />
      </output>
    </recipe>
    <recipe name="LemuriteOre" energyCost="3600">
      <input>
        <itemStack oreDictionary="oreLemurite" />
      </input>
      <output>
        <itemStack oreDictionary="dustLemurite" number="2" />
      </output>
    </recipe>
    <recipe name="MidasiumOre" energyCost="3600">
      <input>
        <itemStack oreDictionary="oreMidasium" />
      </input>
      <output>
        <itemStack oreDictionary="dustMidasium" number="2" />
      </output>
    </recipe>
    <recipe name="VyroxeresOre" energyCost="3600">
      <input>
        <itemStack oreDictionary="oreVyroxeres" />
      </input>
      <output>
        <itemStack oreDictionary="dustVyroxeres" number="2" />
      </output>
    </recipe>
    <recipe name="CeruclaseOre" energyCost="3600">
      <input>
        <itemStack oreDictionary="oreCeruclase" />
      </input>
      <output>
        <itemStack oreDictionary="dustCeruclase" number="2" />
      </output>
    </recipe>
    <recipe name="KalendriteOre" energyCost="3600">
      <input>
        <itemStack oreDictionary="oreKalendrite" />
      </input>
      <output>
        <itemStack oreDictionary="dustKalendrite" number="2" />
      </output>
    </recipe>
    <recipe name="VulcaniteOre" energyCost="3600">
      <input>
        <itemStack oreDictionary="oreVulcanite" />
      </input>
      <output>
        <itemStack oreDictionary="dustVulcanite" number="2" />
      </output>
    </recipe>
    <recipe name="SanguiniteOre" energyCost="3600">
      <input>
        <itemStack oreDictionary="oreSanguinite" />
      </input>
      <output>
        <itemStack oreDictionary="dustSanguinite" number="2" />
      </output>
    </recipe>
    <recipe name="PrometheumOre" energyCost="3600">
      <input>
        <itemStack oreDictionary="orePrometheum" />
      </input>
      <output>
        <itemStack oreDictionary="dustPrometheum" number="2" />
      </output>
    </recipe>
    <recipe name="DeepIronOre" energyCost="3600">
      <input>
        <itemStack oreDictionary="oreDeepIron" />
      </input>
      <output>
        <itemStack oreDictionary="dustDeepIron" number="2" />
      </output>
    </recipe>
    <recipe name="InfuscoliumOre" energyCost="3600">
      <input>
        <itemStack oreDictionary="oreInfuscolium" />
      </input>
      <output>
        <itemStack oreDictionary="dustInfuscolium" number="2" />
      </output>
    </recipe>
    <recipe name="OureclaseOre" energyCost="3600">
      <input>
        <itemStack oreDictionary="oreOureclase" />
      </input>
      <output>
        <itemStack oreDictionary="dustOureclase" number="2" />
      </output>
    </recipe>
    <recipe name="AstralSilverOre" energyCost="3600">
      <input>
        <itemStack oreDictionary="oreAstralSilver" />
      </input>
      <output>
        <itemStack oreDictionary="dustAstralSilver" number="2" />
      </output>
    </recipe>
    <recipe name="CarmotOre" energyCost="3600">
      <input>
        <itemStack oreDictionary="oreCarmot" />
      </input>
      <output>
        <itemStack oreDictionary="dustCarmot" number="2" />
      </output>
    </recipe>
    <recipe name="MithrilOre" energyCost="3600">
      <input>
        <itemStack oreDictionary="oreMithril" />
      </input>
      <output>
        <itemStack oreDictionary="dustMithril" number="2" />
      </output>
    </recipe>
    <recipe name="RubraciumOre" energyCost="3600">
      <input>
        <itemStack oreDictionary="oreRubracium" />
      </input>
      <output>
        <itemStack oreDictionary="dustRubracium" number="2" />
      </output>
    </recipe>
    <recipe name="OrichalcumOre" energyCost="3600">
      <input>
        <itemStack oreDictionary="oreOrichalcum" />
      </input>
      <output>
        <itemStack oreDictionary="dustOrichalcum" number="2" />
      </output>
    </recipe>
    <recipe name="AdamantineOre" energyCost="3600">
      <input>
        <itemStack oreDictionary="oreAdamantine" />
      </input>
      <output>
        <itemStack oreDictionary="dustAdamantine" number="2" />
      </output>
    </recipe>
    <recipe name="AtlarusOre" energyCost="3600">
      <input>
        <itemStack oreDictionary="oreAtlarus" />
      </input>
      <output>
        <itemStack oreDictionary="dustAtlarus" number="2" />
      </output>
    </recipe>

    <!-- Alloys and Ingots -->
    <recipe name="ManganeseIngot" energyCost="2400">
      <input>
        <itemStack oreDictionary="ingotManganese" />
      </input>
      <output>
        <itemStack oreDictionary="dustManganese" number="1" />
      </output>
    </recipe>
    <recipe name="ZincIngot" energyCost="2400">
      <input>
        <itemStack oreDictionary="ingotZinc" />
      </input>
      <output>
        <itemStack oreDictionary="dustZinc" number="1" />
      </output>
    </recipe>
    <recipe name="SilverIngot" energyCost="2400">
      <input>
        <itemStack oreDictionary="ingotSilver" />
      </input>
      <output>
        <itemStack oreDictionary="dustSilver" number="1" />
      </output>
    </recipe>
    <recipe name="PlatinumIngot" energyCost="2400">
      <input>
        <itemStack oreDictionary="ingotPlatinum" />
      </input>
      <output>
        <itemStack oreDictionary="dustPlatinum" number="1" />
      </output>
    </recipe>
    <recipe name="IgnatiusIngot" energyCost="2400">
      <input>
        <itemStack oreDictionary="ingotIgnatius" />
      </input>
      <output>
        <itemStack oreDictionary="dustIgnatius" number="1" />
      </output>
    </recipe>
    <recipe name="ShadowIronIngot" energyCost="2400">
      <input>
        <itemStack oreDictionary="ingotShadowIron" />
      </input>
      <output>
        <itemStack oreDictionary="dustShadowIron" number="1" />
      </output>
    </recipe>
    <recipe name="LemuriteIngot" energyCost="2400">
      <input>
        <itemStack oreDictionary="ingotLemurite" />
      </input>
      <output>
        <itemStack oreDictionary="dustLemurite" number="1" />
      </output>
    </recipe>
    <recipe name="MidasiumIngot" energyCost="2400">
      <input>
        <itemStack oreDictionary="ingotMidasium" />
      </input>
      <output>
        <itemStack oreDictionary="dustMidasium" number="1" />
      </output>
    </recipe>
    <recipe name="VyroxeresIngot" energyCost="2400">
      <input>
        <itemStack oreDictionary="ingotVyroxeres" />
      </input>
      <output>
        <itemStack oreDictionary="dustVyroxeres" number="1" />
      </output>
    </recipe>
    <recipe name="CeruclaseIngot" energyCost="2400">
      <input>
        <itemStack oreDictionary="ingotCeruclase" />
      </input>
      <output>
        <itemStack oreDictionary="dustCeruclase" number="1" />
      </output>
    </recipe>
    <recipe name="KalendriteIngot" energyCost="2400">
      <input>
        <itemStack oreDictionary="ingotKalendrite" />
      </input>
      <output>
        <itemStack oreDictionary="dustKalendrite" number="1" />
      </output>
    </recipe>
    <recipe name="VulcaniteIngot" energyCost="2400">
      <input>
        <itemStack oreDictionary="ingotVulcanite" />
      </input>
      <output>
        <itemStack oreDictionary="dustVulcanite" number="1" />
      </output>
    </recipe>
    <recipe name="SanguiniteIngot" energyCost="2400">
      <input>
        <itemStack oreDictionary="ingotSanguinite" />
      </input>
      <output>
        <itemStack oreDictionary="dustSanguinite" number="1" />
      </output>
    </recipe>
    <recipe name="PrometheumIngot" energyCost="2400">
      <input>
        <itemStack oreDictionary="ingotPrometheum" />
      </input>
      <output>
        <itemStack oreDictionary="dustPrometheum" number="1" />
      </output>
    </recipe>
    <recipe name="DeepIronIngot" energyCost="2400">
      <input>
        <itemStack oreDictionary="ingotDeepIron" />
      </input>
      <output>
        <itemStack oreDictionary="dustDeepIron" number="1" />
      </output>
    </recipe>
    <recipe name="InfuscoliumIngot" energyCost="2400">
      <input>
        <itemStack oreDictionary="ingotInfuscolium" />
      </input>
      <output>
        <itemStack oreDictionary="dustInfuscolium" number="1" />
      </output>
    </recipe>
    <recipe name="OureclaseIngot" energyCost="2400">
      <input>
        <itemStack oreDictionary="ingotOureclase" />
      </input>
      <output>
        <itemStack oreDictionary="dustOureclase" number="1" />
      </output>
    </recipe>
    <recipe name="AstralSilverIngot" energyCost="2400">
      <input>
        <itemStack oreDictionary="ingotAstral Silver" />
      </input>
      <output>
        <itemStack oreDictionary="dustAstral Silver" number="1" />
      </output>
    </recipe>
    <recipe name="CarmotIngot" energyCost="2400">
      <input>
        <itemStack oreDictionary="ingotCarmot" />
      </input>
      <output>
        <itemStack oreDictionary="dustCarmot" number="1" />
      </output>
    </recipe>
    <recipe name="MithrilIngot" energyCost="2400">
      <input>
        <itemStack oreDictionary="ingotMithril" />
      </input>
      <output>
        <itemStack oreDictionary="dustMithril" number="1" />
      </output>
    </recipe>
    <recipe name="RubraciumIngot" energyCost="2400">
      <input>
        <itemStack oreDictionary="ingotRubracium" />
      </input>
      <output>
        <itemStack oreDictionary="dustRubracium" number="1" />
      </output>
    </recipe>
    <recipe name="OrichalcumIngot" energyCost="2400">
      <input>
        <itemStack oreDictionary="ingotOrichalcum" />
      </input>
      <output>
        <itemStack oreDictionary="dustOrichalcum" number="1" />
      </output>
    </recipe>
    <recipe name="AdamantineIngot" energyCost="2400">
      <input>
        <itemStack oreDictionary="ingotAdamantine" />
      </input>
      <output>
        <itemStack oreDictionary="dustAdamantine" number="1" />
      </output>
    </recipe>
    <recipe name="AtlarusIngot" energyCost="2400">
      <input>
        <itemStack oreDictionary="ingotAtlarus" />
      </input>
      <output>
        <itemStack oreDictionary="dustAtlarus" number="1" />
      </output>
    </recipe>
    <recipe name="BronzeIngot" energyCost="2400">
      <input>
        <itemStack oreDictionary="ingotBronze" />
      </input>
      <output>
        <itemStack oreDictionary="dustBronze" number="1" />
      </output>
    </recipe>
    <recipe name="HepatizonIngot" energyCost="2400">
      <input>
        <itemStack oreDictionary="ingotHepatizon" />
      </input>
      <output>
        <itemStack oreDictionary="dustHepatizon" number="1" />
      </output>
    </recipe>
    <recipe name="DamascusSteelIngot" energyCost="2400">
      <input>
        <itemStack oreDictionary="ingotDamascusSteel" />
      </input>
      <output>
        <itemStack oreDictionary="dustDamascusSteel" number="1" />
      </output>
    </recipe>
    <recipe name="AngmallenIngot" energyCost="2400">
      <input>
        <itemStack oreDictionary="ingotAngmallen" />
      </input>
      <output>
        <itemStack oreDictionary="dustAngmallen" number="1" />
      </output>
    </recipe>
    <recipe name="SteelIngot" energyCost="2400">
      <input>
        <itemStack oreDictionary="ingotSteel" />
      </input>
      <output>
        <itemStack oreDictionary="dustSteel" number="1" />
      </output>
    </recipe>
    <recipe name="BrassIngot" energyCost="2400">
      <input>
        <itemStack oreDictionary="ingotBrass" />
      </input>
      <output>
        <itemStack oreDictionary="dustBrass" number="1" />
      </output>
    </recipe>
    <recipe name="ElectrumIngot" energyCost="2400">
      <input>
        <itemStack oreDictionary="ingotElectrum" />
      </input>
      <output>
        <itemStack oreDictionary="dustElectrum" number="1" />
      </output>
    </recipe>
    <recipe name="ShadowSteelIngot" energyCost="2400">
      <input>
        <itemStack oreDictionary="ingotShadowSteel" />
      </input>
      <output>
        <itemStack oreDictionary="dustShadowSteel" number="1" />
      </output>
    </recipe>
    <recipe name="InolashiteIngot" energyCost="2400">
      <input>
        <itemStack oreDictionary="ingotInolashite" />
      </input>
      <output>
        <itemStack oreDictionary="dustInolashite" number="1" />
      </output>
    </recipe>
    <recipe name="AmordrineIngot" energyCost="2400">
      <input>
        <itemStack oreDictionary="ingotAmordrine" />
      </input>
      <output>
        <itemStack oreDictionary="dustAmordrine" number="1" />
      </output>
    </recipe>
    <recipe name="BlackSteelIngot" energyCost="2400">
      <input>
        <itemStack oreDictionary="ingotBlackSteel" />
      </input>
      <output>
        <itemStack oreDictionary="dustBlackSteel" number="1" />
      </output>
    </recipe>
    <recipe name="QuicksilverIngot" energyCost="2400">
      <input>
        <itemStack oreDictionary="ingotQuicksilver" />
      </input>
      <output>
        <itemStack oreDictionary="dustQuicksilver" number="1" />
      </output>
    </recipe>
    <recipe name="HaderothIngot" energyCost="2400">
      <input>
        <itemStack oreDictionary="ingotHaderoth" />
      </input>
      <output>
        <itemStack oreDictionary="dustHaderoth" number="1" />
      </output>
    </recipe>
    <recipe name="CelenegilIngot" energyCost="2400">
      <input>
        <itemStack oreDictionary="ingotCelenegil" />
      </input>
      <output>
        <itemStack oreDictionary="dustCelenegil" number="1" />
      </output>
    </recipe>
    <recipe name="TartariteIngot" energyCost="2400">
      <input>
        <itemStack oreDictionary="ingotTartarite" />
      </input>
      <output>
        <itemStack oreDictionary="dustTartarite" number="1" />
      </output>
    </recipe>

    <!-- Blocks -->
    <recipe name="ManganeseBlock" energyCost="3600">
      <input>
        <itemStack oreDictionary="blockManganese" />
      </input>
      <output>
        <itemStack oreDictionary="dustManganese" number="9" />
      </output>
    </recipe>
    <recipe name="ZincBlock" energyCost="3600">
      <input>
        <itemStack oreDictionary="blockZinc" />
      </input>
      <output>
        <itemStack oreDictionary="dustZinc" number="9" />
      </output>
    </recipe>
    <recipe name="SilverBlock" energyCost="3600">
      <input>
        <itemStack oreDictionary="blockSilver" />
      </input>
      <output>
        <itemStack oreDictionary="dustSilver" number="9" />
      </output>
    </recipe>
    <recipe name="PlatinumBlock" energyCost="3600">
      <input>
        <itemStack oreDictionary="blockPlatinum" />
      </input>
      <output>
        <itemStack oreDictionary="dustPlatinum" number="9" />
      </output>
    </recipe>
    <recipe name="IgnatiusBlock" energyCost="3600">
      <input>
        <itemStack oreDictionary="blockIgnatius" />
      </input>
      <output>
        <itemStack oreDictionary="dustIgnatius" number="9" />
      </output>
    </recipe>
    <recipe name="ShadowIronBlock" energyCost="3600">
      <input>
        <itemStack oreDictionary="blockShadowIron" />
      </input>
      <output>
        <itemStack oreDictionary="dustShadowIron" number="9" />
      </output>
    </recipe>
    <recipe name="LemuriteBlock" energyCost="3600">
      <input>
        <itemStack oreDictionary="blockLemurite" />
      </input>
      <output>
        <itemStack oreDictionary="dustLemurite" number="9" />
      </output>
    </recipe>
    <recipe name="MidasiumBlock" energyCost="3600">
      <input>
        <itemStack oreDictionary="blockMidasium" />
      </input>
      <output>
        <itemStack oreDictionary="dustMidasium" number="9" />
      </output>
    </recipe>
    <recipe name="VyroxeresBlock" energyCost="3600">
      <input>
        <itemStack oreDictionary="blockVyroxeres" />
      </input>
      <output>
        <itemStack oreDictionary="dustVyroxeres" number="9" />
      </output>
    </recipe>
    <recipe name="CeruclaseBlock" energyCost="3600">
      <input>
        <itemStack oreDictionary="blockCeruclase" />
      </input>
      <output>
        <itemStack oreDictionary="dustCeruclase" number="9" />
      </output>
    </recipe>
    <recipe name="KalendriteBlock" energyCost="3600">
      <input>
        <itemStack oreDictionary="blockKalendrite" />
      </input>
      <output>
        <itemStack oreDictionary="dustKalendrite" number="9" />
      </output>
    </recipe>
    <recipe name="VulcaniteBlock" energyCost="3600">
      <input>
        <itemStack oreDictionary="blockVulcanite" />
      </input>
      <output>
        <itemStack oreDictionary="dustVulcanite" number="9" />
      </output>
    </recipe>
    <recipe name="SanguiniteBlock" energyCost="3600">
      <input>
        <itemStack oreDictionary="blockSanguinite" />
      </input>
      <output>
        <itemStack oreDictionary="dustSanguinite" number="9" />
      </output>
    </recipe>
    <recipe name="PrometheumBlock" energyCost="3600">
      <input>
        <itemStack oreDictionary="blockPrometheum" />
      </input>
      <output>
        <itemStack oreDictionary="dustPrometheum" number="9" />
      </output>
    </recipe>
    <recipe name="DeepIronBlock" energyCost="3600">
      <input>
        <itemStack oreDictionary="blockDeepIron" />
      </input>
      <output>
        <itemStack oreDictionary="dustDeepIron" number="9" />
      </output>
    </recipe>
    <recipe name="InfuscoliumBlock" energyCost="3600">
      <input>
        <itemStack oreDictionary="blockInfuscolium" />
      </input>
      <output>
        <itemStack oreDictionary="dustInfuscolium" number="9" />
      </output>
    </recipe>
    <recipe name="OureclaseBlock" energyCost="3600">
      <input>
        <itemStack oreDictionary="blockOureclase" />
      </input>
      <output>
        <itemStack oreDictionary="dustOureclase" number="9" />
      </output>
    </recipe>
    <recipe name="AstralSilverBlock" energyCost="3600">
      <input>
        <itemStack oreDictionary="blockAstralSilver" />
      </input>
      <output>
        <itemStack oreDictionary="dustAstralSilver" number="9" />
      </output>
    </recipe>
    <recipe name="CarmotBlock" energyCost="3600">
      <input>
        <itemStack oreDictionary="blockCarmot" />
      </input>
      <output>
        <itemStack oreDictionary="dustCarmot" number="9" />
      </output>
    </recipe>
    <recipe name="MithrilBlock" energyCost="3600">
      <input>
        <itemStack oreDictionary="blockMithril" />
      </input>
      <output>
        <itemStack oreDictionary="dustMithril" number="9" />
      </output>
    </recipe>
    <recipe name="RubraciumBlock" energyCost="3600">
      <input>
        <itemStack oreDictionary="blockRubracium" />
      </input>
      <output>
        <itemStack oreDictionary="dustRubracium" number="9" />
      </output>
    </recipe>
    <recipe name="OrichalcumBlock" energyCost="3600">
      <input>
        <itemStack oreDictionary="blockOrichalcum" />
      </input>
      <output>
        <itemStack oreDictionary="dustOrichalcum" number="9" />
      </output>
    </recipe>
    <recipe name="AdamantineBlock" energyCost="3600">
      <input>
        <itemStack oreDictionary="blockAdamantine" />
      </input>
      <output>
        <itemStack oreDictionary="dustAdamantine" number="9" />
      </output>
    </recipe>
    <recipe name="AtlarusBlock" energyCost="3600">
      <input>
        <itemStack oreDictionary="blockAtlarus" />
      </input>
      <output>
        <itemStack oreDictionary="dustAtlarus" number="9" />
      </output>
    </recipe>
    <recipe name="BronzeBlock" energyCost="3600">
      <input>
        <itemStack oreDictionary="blockBronze" />
      </input>
      <output>
        <itemStack oreDictionary="dustBronze" number="9" />
      </output>
    </recipe>
    <recipe name="HepatizonBlock" energyCost="3600">
      <input>
        <itemStack oreDictionary="blockHepatizon" />
      </input>
      <output>
        <itemStack oreDictionary="dustHepatizon" number="9" />
      </output>
    </recipe>
    <recipe name="DamascusSteelBlock" energyCost="3600">
      <input>
        <itemStack oreDictionary="blockDamascusSteel" />
      </input>
      <output>
        <itemStack oreDictionary="dustDamascusSteel" number="9" />
      </output>
    </recipe>
    <recipe name="AngmallenBlock" energyCost="3600">
      <input>
        <itemStack oreDictionary="blockAngmallen" />
      </input>
      <output>
        <itemStack oreDictionary="dustAngmallen" number="9" />
      </output>
    </recipe>
    <recipe name="SteelBlock" energyCost="3600">
      <input>
        <itemStack oreDictionary="blockSteel" />
      </input>
      <output>
        <itemStack oreDictionary="dustSteel" number="9" />
      </output>
    </recipe>
    <recipe name="BrassBlock" energyCost="3600">
      <input>
        <itemStack oreDictionary="blockBrass" />
      </input>
      <output>
        <itemStack oreDictionary="dustBrass" number="9" />
      </output>
    </recipe>
    <recipe name="ElectrumBlock" energyCost="3600">
      <input>
        <itemStack oreDictionary="blockElectrum" />
      </input>
      <output>
        <itemStack oreDictionary="dustElectrum" number="9" />
      </output>
    </recipe>
    <recipe name="ShadowSteelBlock" energyCost="3600">
      <input>
        <itemStack oreDictionary="blockShadowSteel" />
      </input>
      <output>
        <itemStack oreDictionary="dustShadowSteel" number="9" />
      </output>
    </recipe>
    <recipe name="InolashiteBlock" energyCost="3600">
      <input>
        <itemStack oreDictionary="blockInolashite" />
      </input>
      <output>
        <itemStack oreDictionary="dustInolashite" number="9" />
      </output>
    </recipe>
    <recipe name="AmordrineBlock" energyCost="3600">
      <input>
        <itemStack oreDictionary="blockAmordrine" />
      </input>
      <output>
        <itemStack oreDictionary="dustAmordrine" number="9" />
      </output>
    </recipe>
    <recipe name="BlackSteelBlock" energyCost="3600">
      <input>
        <itemStack oreDictionary="blockBlackSteel" />
      </input>
      <output>
        <itemStack oreDictionary="dustBlackSteel" number="9" />
      </output>
    </recipe>
    <recipe name="QuicksilverBlock" energyCost="3600">
      <input>
        <itemStack oreDictionary="blockQuicksilver" />
      </input>
      <output>
        <itemStack oreDictionary="dustQuicksilver" number="9" />
      </output>
    </recipe>
    <recipe name="HaderothBlock" energyCost="3600">
      <input>
        <itemStack oreDictionary="blockHaderoth" />
      </input>
      <output>
        <itemStack oreDictionary="dustHaderoth" number="9" />
      </output>
    </recipe>
    <recipe name="CelenegilBlock" energyCost="3600">
      <input>
        <itemStack oreDictionary="blockCelenegil" />
      </input>
      <output>
        <itemStack oreDictionary="dustCelenegil" number="9" />
      </output>
    </recipe>
    <recipe name="TartariteBlock" energyCost="3600">
      <input>
        <itemStack oreDictionary="blockTartarite" />
      </input>
      <output>
        <itemStack oreDictionary="dustTartarite" number="9" />
      </output>
    </recipe>
  </recipeGroup>

  <recipeGroup name="Mekanism">

    <!-- Metals -->
    <recipe name="OsmiumOre" energyCost="3600">
      <input>
        <itemStack oreDictionary="oreOsmium" />
      </input>
      <output>
        <itemStack oreDictionary="dustOsmium" number="2" />
        <itemStack oreDictionary="dustOsmium" number="1" chance="0.10" />
      </output>
    </recipe>

    <!-- Alloys and Ingots -->
    <recipe name="OsmiumIngot" energyCost="2400">
      <input>
        <itemStack oreDictionary="ingotOsmium" />
      </input>
      <output>
        <itemStack oreDictionary="dustOsmium" number="1" />
      </output>
    </recipe>


    <!-- Blocks -->
    <recipe name="OsmiumBlock" energyCost="3600">
      <input>
        <itemStack oreDictionary="blockOsmium" />
      </input>
      <output>
        <itemStack oreDictionary="dustOsmium" number="9" />
      </output>
    </recipe>
  </recipeGroup>

  <recipeGroup name="Engineer's Toolbox">

    <!-- Metals -->
    <recipe name="NickelOre" energyCost="3600">
      <input>
        <itemStack oreDictionary="oreNickel" />
      </input>
      <output>
        <itemStack oreDictionary="dustNickel" number="2" />
        <itemStack oreDictionary="dustIron" number="1" chance="0.05" />
      </output>
    </recipe>
    <recipe name="AluminumOre" energyCost="3600">
      <input>
        <itemStack oreDictionary="oreAluminum" />
      </input>
      <output>
        <itemStack oreDictionary="dustAluminum" number="2" />
      </output>
    </recipe>

    <!-- Alloys and Ingots -->
    <recipe name="NickelIngot" energyCost="2400">
      <input>
        <itemStack oreDictionary="ingotNickel" />
      </input>
      <output>
        <itemStack oreDictionary="dustNickel" number="1" />
      </output>
    </recipe>
    <recipe name="AluminumIngot" energyCost="2400">
      <input>
        <itemStack oreDictionary="ingotAluminum" />
      </input>
      <output>
        <itemStack oreDictionary="dustAluminum" number="1" />
      </output>
    </recipe>


    <!-- Blocks -->
    <recipe name="NickelBlock" energyCost="3600">
      <input>
        <itemStack oreDictionary="blockNickel" />
      </input>
      <output>
        <itemStack oreDictionary="dustNickel" number="9" />
      </output>
    </recipe>
    <recipe name="AluminumBlock" energyCost="3600">
      <input>
        <itemStack oreDictionary="blockAluminum" />
      </input>
      <output>
        <itemStack oreDictionary="dustAluminum" number="9" />
      </output>
    </recipe>
  </recipeGroup>

  <recipeGroup name="BigReactors">
    <!-- Metals -->
    <recipe name="YelloriteOre" energyCost="3600">
      <input>
        <itemStack oreDictionary="oreYellorite" />
      </input>
      <output>
        <itemStack oreDictionary="dustYellorium" number="2" />
        <itemStack oreDictionary="dustCyanite" number="1" chance="0.05" />
      </output>
    </recipe>

    <!-- Alloys and Ingots -->
    <recipe name="YelloriteIngot" energyCost="2400">
      <input>
        <itemStack oreDictionary="ingotYellorium" />
      </input>
      <output>
        <itemStack oreDictionary="dustUranium" number="1" />

      </output>
    </recipe>
    <recipe name="CyaniteIngot" energyCost="2400">
      <input>
        <itemStack oreDictionary="ingotCyanite" />
      </input>
      <output>
        <itemStack oreDictionary="dustCyanite" number="1" />
      </output>
    </recipe>
    <recipe name="BlutoniumIngot" energyCost="2400">
      <input>
        <itemStack oreDictionary="ingotBlutonium" />
      </input>
      <output>
        <itemStack oreDictionary="dustBlutonium" number="1" />
      </output>
    </recipe>
    <recipe name="GraphiteIngot" energyCost="2400">
      <input>
        <itemStack oreDictionary="ingotGraphite" />
      </input>
      <output>
        <itemStack oreDictionary="dustGraphite" number="1" />
      </output>
    </recipe>
  </recipeGroup>

  <recipeGroup name="UndergroundBiomesConstruct">
    <recipe name="Red Granite" energyCost="2400">
      <input>
        <itemStack modID="UndergroundBiomes" itemName="igneousStone" itemMeta="0" />
      </input>
      <output>
        <itemStack modID="UndergroundBiomes" itemName="igneousCobblestone" itemMeta="0" />
      </output>
    </recipe>

    <recipe name="Black Granite" energyCost="2400">
      <input>
        <itemStack modID="UndergroundBiomes" itemName="igneousStone" itemMeta="1" />
      </input>
      <output>
        <itemStack modID="UndergroundBiomes" itemName="igneousCobblestone" itemMeta="1" />
      </output>
    </recipe>

    <recipe name="Rhyolite" energyCost="2400">
      <input>
        <itemStack modID="UndergroundBiomes" itemName="igneousStone" itemMeta="2" />
      </input>
      <output>
        <itemStack modID="UndergroundBiomes" itemName="igneousCobblestone" itemMeta="2" />
      </output>
    </recipe>

    <recipe name="Andesite" energyCost="2400">
      <input>
        <itemStack modID="UndergroundBiomes" itemName="igneousStone" itemMeta="3" />
      </input>
      <output>
        <itemStack modID="UndergroundBiomes" itemName="igneousCobblestone" itemMeta="3" />
      </output>
    </recipe>

    <recipe name="Gabbro" energyCost="2400">
      <input>
        <itemStack modID="UndergroundBiomes" itemName="igneousStone" itemMeta="4" />
      </input>
      <output>
        <itemStack modID="UndergroundBiomes" itemName="igneousCobblestone" itemMeta="4" />
      </output>
    </recipe>

    <recipe name="Basalt" energyCost="2400">
      <input>
        <itemStack modID="UndergroundBiomes" itemName="igneousStone" itemMeta="5" />
      </input>
      <output>
        <itemStack modID="UndergroundBiomes" itemName="igneousCobblestone" itemMeta="5" />
      </output>
    </recipe>

    <recipe name="Komatiite" energyCost="2400">
      <input>
        <itemStack modID="UndergroundBiomes" itemName="igneousStone" itemMeta="6" />
      </input>
      <output>
        <itemStack modID="UndergroundBiomes" itemName="igneousCobblestone" itemMeta="6" />
      </output>
    </recipe>

    <recipe name="Dacite" energyCost="2400">
      <input>
        <itemStack modID="UndergroundBiomes" itemName="igneousStone" itemMeta="7" />
      </input>
      <output>
        <itemStack modID="UndergroundBiomes" itemName="igneousCobblestone" itemMeta="7" />
      </output>
    </recipe>

    <recipe name="Red Granite Brick" energyCost="2400">
      <input>
        <itemStack modID="UndergroundBiomes" itemName="igneousStoneBrick" itemMeta="0" />
      </input>
      <output>
        <itemStack modID="UndergroundBiomes" itemName="igneousCobblestone" itemMeta="0" number="4" />
      </output>
    </recipe>

    <recipe name="Black Granite Brick" energyCost="2400">
      <input>
        <itemStack modID="UndergroundBiomes" itemName="igneousStoneBrick" itemMeta="1" />
      </input>
      <output>
        <itemStack modID="UndergroundBiomes" itemName="igneousCobblestone" itemMeta="1" number="4" />
      </output>
    </recipe>

    <recipe name="Rhyolite Brick" energyCost="2400">
      <input>
        <itemStack modID="UndergroundBiomes" itemName="igneousStoneBrick" itemMeta="2" />
      </input>
      <output>
        <itemStack modID="UndergroundBiomes" itemName="igneousCobblestone" itemMeta="2" number="4" />
      </output>
    </recipe>

    <recipe name="Andesite Brick" energyCost="2400">
      <input>
        <itemStack modID="UndergroundBiomes" itemName="igneousStoneBrick" itemMeta="3" />
      </input>
      <output>
        <itemStack modID="UndergroundBiomes" itemName="igneousCobblestone" itemMeta="3" number="4" />
      </output>
    </recipe>

    <recipe name="Gabbro Brick" energyCost="2400">
      <input>
        <itemStack modID="UndergroundBiomes" itemName="igneousStoneBrick" itemMeta="4" />
      </input>
      <output>
        <itemStack modID="UndergroundBiomes" itemName="igneousCobblestone" itemMeta="4" number="4" />
      </output>
    </recipe>

    <recipe name="Basalt Brick" energyCost="2400">
      <input>
        <itemStack modID="UndergroundBiomes" itemName="igneousStoneBrick" itemMeta="5" />
      </input>
      <output>
        <itemStack modID="UndergroundBiomes" itemName="igneousCobblestone" itemMeta="5" number="4" />
      </output>
    </recipe>

    <recipe name="Komatiite Brick" energyCost="2400">
      <input>
        <itemStack modID="UndergroundBiomes" itemName="igneousStoneBrick" itemMeta="6" />
      </input>
      <output>
        <itemStack modID="UndergroundBiomes" itemName="igneousCobblestone" itemMeta="6" number="4" />
      </output>
    </recipe>

    <recipe name="Dacite Brick" energyCost="2400">
      <input>
        <itemStack modID="UndergroundBiomes" itemName="igneousStoneBrick" itemMeta="7" />
      </input>
      <output>
        <itemStack modID="UndergroundBiomes" itemName="igneousCobblestone" itemMeta="7" number="4" />
      </output>
    </recipe>

    <recipe name="Gneiss" energyCost="2400">
      <input>
        <itemStack modID="UndergroundBiomes" itemName="metamorphicStone" itemMeta="0" />
      </input>
      <output>
        <itemStack modID="UndergroundBiomes" itemName="metamorphicCobblestone" itemMeta="0" />
      </output>
    </recipe>

    <recipe name="Eclogite" energyCost="2400">
      <input>
        <itemStack modID="UndergroundBiomes" itemName="metamorphicStone" itemMeta="1" />
      </input>
      <output>
        <itemStack modID="UndergroundBiomes" itemName="metamorphicCobblestone" itemMeta="1" />
      </output>
    </recipe>

    <recipe name="Marble" energyCost="2400">
      <input>
        <itemStack modID="UndergroundBiomes" itemName="metamorphicStone" itemMeta="2" />
      </input>
      <output>
        <itemStack modID="UndergroundBiomes" itemName="metamorphicCobblestone" itemMeta="2" />
      </output>
    </recipe>

    <recipe name="Quartzite" energyCost="2400">
      <input>
        <itemStack modID="UndergroundBiomes" itemName="metamorphicStone" itemMeta="3" />
      </input>
      <output>
        <itemStack modID="UndergroundBiomes" itemName="metamorphicCobblestone" itemMeta="3" />
      </output>
    </recipe>

    <recipe name="Blue Schist" energyCost="2400">
      <input>
        <itemStack modID="UndergroundBiomes" itemName="metamorphicStone" itemMeta="4" />
      </input>
      <output>
        <itemStack modID="UndergroundBiomes" itemName="metamorphicCobblestone" itemMeta="4" />
      </output>
    </recipe>

    <recipe name="Green Schist" energyCost="2400">
      <input>
        <itemStack modID="UndergroundBiomes" itemName="metamorphicStone" itemMeta="5" />
      </input>
      <output>
        <itemStack modID="UndergroundBiomes" itemName="metamorphicCobblestone" itemMeta="5" />
      </output>
    </recipe>

    <recipe name="Soapstone" energyCost="2400">
      <input>
        <itemStack modID="UndergroundBiomes" itemName="metamorphicStone" itemMeta="6" />
      </input>
      <output>
        <itemStack modID="UndergroundBiomes" itemName="metamorphicCobblestone" itemMeta="6" />
      </output>
    </recipe>

    <recipe name="Migmatite" energyCost="2400">
      <input>
        <itemStack modID="UndergroundBiomes" itemName="metamorphicStone" itemMeta="7" />
      </input>
      <output>
        <itemStack modID="UndergroundBiomes" itemName="metamorphicCobblestone" itemMeta="7" />
      </output>
    </recipe>

    <recipe name="Gneiss Brick" energyCost="2400">
      <input>
        <itemStack modID="UndergroundBiomes" itemName="metamorphicStoneBrick" itemMeta="0" />
      </input>
      <output>
        <itemStack modID="UndergroundBiomes" itemName="metamorphicCobblestone" itemMeta="0" number="4" />
      </output>
    </recipe>

    <recipe name="Eclogite Brick" energyCost="2400">
      <input>
        <itemStack modID="UndergroundBiomes" itemName="metamorphicStoneBrick" itemMeta="1" />
      </input>
      <output>
        <itemStack modID="UndergroundBiomes" itemName="metamorphicCobblestone" itemMeta="1" number="4" />
      </output>
    </recipe>

    <recipe name="Marble Brick" energyCost="2400">
      <input>
        <itemStack modID="UndergroundBiomes" itemName="metamorphicStoneBrick" itemMeta="2" />
      </input>
      <output>
        <itemStack modID="UndergroundBiomes" itemName="metamorphicCobblestone" itemMeta="2" number="4" />
      </output>
    </recipe>

    <recipe name="Quartzite Brick" energyCost="2400">
      <input>
        <itemStack modID="UndergroundBiomes" itemName="metamorphicStoneBrick" itemMeta="3" />
      </input>
      <output>
        <itemStack modID="UndergroundBiomes" itemName="metamorphicCobblestone" itemMeta="3" number="4" />
      </output>
    </recipe>

    <recipe name="Blue Schist Brick" energyCost="2400">
      <input>
        <itemStack modID="UndergroundBiomes" itemName="metamorphicStoneBrick" itemMeta="4" />
      </input>
      <output>
        <itemStack modID="UndergroundBiomes" itemName="metamorphicCobblestone" itemMeta="4" number="4" />
      </output>
    </recipe>

    <recipe name="Green Schist Brick" energyCost="2400">
      <input>
        <itemStack modID="UndergroundBiomes" itemName="metamorphicStoneBrick" itemMeta="5" />
      </input>
      <output>
        <itemStack modID="UndergroundBiomes" itemName="metamorphicCobblestone" itemMeta="5" number="4" />
      </output>
    </recipe>

    <recipe name="Soapstone Brick" energyCost="2400">
      <input>
        <itemStack modID="UndergroundBiomes" itemName="metamorphicStoneBrick" itemMeta="6" />
      </input>
      <output>
        <itemStack modID="UndergroundBiomes" itemName="metamorphicCobblestone" itemMeta="6" number="4" />
      </output>
    </recipe>

    <recipe name="Migmatite Brick" energyCost="2400">
      <input>
        <itemStack modID="UndergroundBiomes" itemName="metamorphicStoneBrick" itemMeta="7" />
      </input>
      <output>
        <itemStack modID="UndergroundBiomes" itemName="metamorphicCobblestone" itemMeta="7" number="4" />
      </output>
    </recipe>
  </recipeGroup>

  <recipeGroup name="ExNihilo">
    <recipe name="iron_gravel_to_crushed" energyCost="500" bonusType="chance_only">
      <input><itemStack modID="exnihilo" itemName="iron_gravel"/></input>
      <output>
        <itemStack modID="exnihilo" itemName="exnihilo.iron_crushed" number="4" itemMeta="0"/>
        <itemStack modID="exnihilo" itemName="exnihilo.iron_crushed" number="1" itemMeta="0" chance="0.5"/>
        <itemStack modID="exnihilo" itemName="exnihilo.iron_crushed" number="1" itemMeta="0" chance="0.05"/>
      </output>
    </recipe>
    <recipe name="iron_sand_to_powdered" energyCost="1000" bonusType="chance_only">
      <input><itemStack modID="exnihilo" itemName="iron_sand"/></input>
      <output>
        <itemStack modID="exnihilo" itemName="exnihilo.iron_powdered" number="4" itemMeta="0"/>
        <itemStack modID="exnihilo" itemName="exnihilo.iron_powdered" number="1" itemMeta="0" chance="0.5"/>
        <itemStack modID="exnihilo" itemName="exnihilo.iron_powdered" number="1" itemMeta="0" chance="0.05"/>
      </output>
    </recipe>
    <recipe name="gold_gravel_to_crushed" energyCost="500" bonusType="chance_only">
      <input><itemStack modID="exnihilo" itemName="gold_gravel"/></input>
      <output>
        <itemStack modID="exnihilo" itemName="exnihilo.gold_crushed" number="4" itemMeta="0"/>
        <itemStack modID="exnihilo" itemName="exnihilo.gold_crushed" number="1" itemMeta="0" chance="0.5"/>
        <itemStack modID="exnihilo" itemName="exnihilo.gold_crushed" number="1" itemMeta="0" chance="0.05"/>
      </output>
    </recipe>
    <recipe name="gold_sand_to_powdered" energyCost="1000" bonusType="chance_only">
      <input><itemStack modID="exnihilo" itemName="gold_sand"/></input>
      <output>
        <itemStack modID="exnihilo" itemName="exnihilo.gold_powdered" number="4" itemMeta="0"/>
        <itemStack modID="exnihilo" itemName="exnihilo.gold_powdered" number="1" itemMeta="0" chance="0.5"/>
        <itemStack modID="exnihilo" itemName="exnihilo.gold_powdered" number="1" itemMeta="0" chance="0.05"/>
      </output>
    </recipe>
    <recipe name="copper_gravel_to_crushed" energyCost="500" bonusType="chance_only">
      <input><itemStack modID="exnihilo" itemName="copper_gravel"/></input>
      <output>
        <itemStack modID="exnihilo" itemName="exnihilo.copper_crushed" number="4" itemMeta="0"/>
        <itemStack modID="exnihilo" itemName="exnihilo.copper_crushed" number="1" itemMeta="0" chance="0.5"/>
        <itemStack modID="exnihilo" itemName="exnihilo.copper_crushed" number="1" itemMeta="0" chance="0.05"/>
      </output>
    </recipe>
    <recipe name="copper_sand_to_powdered" energyCost="1000" bonusType="chance_only">
      <input><itemStack modID="exnihilo" itemName="copper_sand"/></input>
      <output>
        <itemStack modID="exnihilo" itemName="exnihilo.copper_powdered" number="4" itemMeta="0"/>
        <itemStack modID="exnihilo" itemName="exnihilo.copper_powdered" number="1" itemMeta="0" chance="0.5"/>
        <itemStack modID="exnihilo" itemName="exnihilo.copper_powdered" number="1" itemMeta="0" chance="0.05"/>
      </output>
    </recipe>
    <recipe name="tin_gravel_to_crushed" energyCost="500" bonusType="chance_only">
      <input><itemStack modID="exnihilo" itemName="tin_gravel"/></input>
      <output>
        <itemStack modID="exnihilo" itemName="exnihilo.tin_crushed" number="4" itemMeta="0"/>
        <itemStack modID="exnihilo" itemName="exnihilo.tin_crushed" number="1" itemMeta="0" chance="0.5"/>
        <itemStack modID="exnihilo" itemName="exnihilo.tin_crushed" number="1" itemMeta="0" chance="0.05"/>
      </output>
    </recipe>
    <recipe name="tin_sand_to_powdered" energyCost="1000" bonusType="chance_only">
      <input><itemStack modID="exnihilo" itemName="tin_sand"/></input>
      <output>
        <itemStack modID="exnihilo" itemName="exnihilo.tin_powdered" number="4" itemMeta="0"/>
        <itemStack modID="exnihilo" itemName="exnihilo.tin_powdered" number="1" itemMeta="0" chance="0.5"/>
        <itemStack modID="exnihilo" itemName="exnihilo.tin_powdered" number="1" itemMeta="0" chance="0.05"/>
      </output>
    </recipe>
    <recipe name="silver_gravel_to_crushed" energyCost="500" bonusType="chance_only">
      <input><itemStack modID="exnihilo" itemName="silver_gravel"/></input>
      <output>
        <itemStack modID="exnihilo" itemName="exnihilo.silver_crushed" number="4" itemMeta="0"/>
        <itemStack modID="exnihilo" itemName="exnihilo.silver_crushed" number="1" itemMeta="0" chance="0.5"/>
        <itemStack modID="exnihilo" itemName="exnihilo.silver_crushed" number="1" itemMeta="0" chance="0.05"/>
      </output>
    </recipe>
    <recipe name="silver_sand_to_powdered" energyCost="1000" bonusType="chance_only">
      <input><itemStack modID="exnihilo" itemName="silver_sand"/></input>
      <output>
        <itemStack modID="exnihilo" itemName="exnihilo.silver_powdered" number="4" itemMeta="0"/>
        <itemStack modID="exnihilo" itemName="exnihilo.silver_powdered" number="1" itemMeta="0" chance="0.5"/>
        <itemStack modID="exnihilo" itemName="exnihilo.silver_powdered" number="1" itemMeta="0" chance="0.05"/>
      </output>
    </recipe>
    <recipe name="lead_gravel_to_crushed" energyCost="500" bonusType="chance_only">
      <input><itemStack modID="exnihilo" itemName="lead_gravel"/></input>
      <output>
        <itemStack modID="exnihilo" itemName="exnihilo.lead_crushed" number="4" itemMeta="0"/>
        <itemStack modID="exnihilo" itemName="exnihilo.lead_crushed" number="1" itemMeta="0" chance="0.5"/>
        <itemStack modID="exnihilo" itemName="exnihilo.lead_crushed" number="1" itemMeta="0" chance="0.05"/>
      </output>
    </recipe>
    <recipe name="lead_sand_to_powdered" energyCost="1000" bonusType="chance_only">
      <input><itemStack modID="exnihilo" itemName="lead_sand"/></input>
      <output>
        <itemStack modID="exnihilo" itemName="exnihilo.lead_powdered" number="4" itemMeta="0"/>
        <itemStack modID="exnihilo" itemName="exnihilo.lead_powdered" number="1" itemMeta="0" chance="0.5"/>
        <itemStack modID="exnihilo" itemName="exnihilo.lead_powdered" number="1" itemMeta="0" chance="0.05"/>
      </output>
    </recipe>
    <recipe name="nickel_gravel_to_crushed" energyCost="500" bonusType="chance_only">
      <input><itemStack modID="exnihilo" itemName="nickel_gravel"/></input>
      <output>
        <itemStack modID="exnihilo" itemName="exnihilo.nickel_crushed" number="4" itemMeta="0"/>
        <itemStack modID="exnihilo" itemName="exnihilo.nickel_crushed" number="1" itemMeta="0" chance="0.5"/>
        <itemStack modID="exnihilo" itemName="exnihilo.nickel_crushed" number="1" itemMeta="0" chance="0.05"/>
      </output>
    </recipe>
    <recipe name="nickel_sand_to_powdered" energyCost="1000" bonusType="chance_only">
      <input><itemStack modID="exnihilo" itemName="nickel_sand"/></input>
      <output>
        <itemStack modID="exnihilo" itemName="exnihilo.nickel_powdered" number="4" itemMeta="0"/>
        <itemStack modID="exnihilo" itemName="exnihilo.nickel_powdered" number="1" itemMeta="0" chance="0.5"/>
        <itemStack modID="exnihilo" itemName="exnihilo.nickel_powdered" number="1" itemMeta="0" chance="0.05"/>
      </output>
    </recipe>
    <recipe name="platinum_gravel_to_crushed" energyCost="500" bonusType="chance_only">
      <input><itemStack modID="exnihilo" itemName="platinum_gravel"/></input>
      <output>
        <itemStack modID="exnihilo" itemName="exnihilo.platinum_crushed" number="4" itemMeta="0"/>
        <itemStack modID="exnihilo" itemName="exnihilo.platinum_crushed" number="1" itemMeta="0" chance="0.5"/>
        <itemStack modID="exnihilo" itemName="exnihilo.platinum_crushed" number="1" itemMeta="0" chance="0.05"/>
      </output>
    </recipe>
    <recipe name="platinum_sand_to_powdered" energyCost="1000" bonusType="chance_only">
      <input><itemStack modID="exnihilo" itemName="platinum_sand"/></input>
      <output>
        <itemStack modID="exnihilo" itemName="exnihilo.platinum_powdered" number="4" itemMeta="0"/>
        <itemStack modID="exnihilo" itemName="exnihilo.platinum_powdered" number="1" itemMeta="0" chance="0.5"/>
        <itemStack modID="exnihilo" itemName="exnihilo.platinum_powdered" number="1" itemMeta="0" chance="0.05"/>
      </output>
    </recipe>
    <recipe name="aluminum_gravel_to_crushed" energyCost="500" bonusType="chance_only">
      <input><itemStack modID="exnihilo" itemName="aluminum_gravel"/></input>
      <output>
        <itemStack modID="exnihilo" itemName="exnihilo.aluminum_crushed" number="4" itemMeta="0"/>
        <itemStack modID="exnihilo" itemName="exnihilo.aluminum_crushed" number="1" itemMeta="0" chance="0.5"/>
        <itemStack modID="exnihilo" itemName="exnihilo.aluminum_crushed" number="1" itemMeta="0" chance="0.05"/>
      </output>
    </recipe>
    <recipe name="aluminum_sand_to_powdered" energyCost="1000" bonusType="chance_only">
      <input><itemStack modID="exnihilo" itemName="aluminum_sand"/></input>
      <output>
        <itemStack modID="exnihilo" itemName="exnihilo.aluminum_powdered" number="4" itemMeta="0"/>
        <itemStack modID="exnihilo" itemName="exnihilo.aluminum_powdered" number="1" itemMeta="0" chance="0.5"/>
        <itemStack modID="exnihilo" itemName="exnihilo.aluminum_powdered" number="1" itemMeta="0" chance="0.05"/>
      </output>
    </recipe>
    <recipe name="osmium_gravel_to_crushed" energyCost="500" bonusType="chance_only">
      <input><itemStack modID="exnihilo" itemName="osmium_gravel"/></input>
      <output>
        <itemStack modID="exnihilo" itemName="exnihilo.osmium_crushed" number="4" itemMeta="0"/>
        <itemStack modID="exnihilo" itemName="exnihilo.osmium_crushed" number="1" itemMeta="0" chance="0.5"/>
        <itemStack modID="exnihilo" itemName="exnihilo.osmium_crushed" number="1" itemMeta="0" chance="0.05"/>
      </output>
    </recipe>
    <recipe name="osmium_sand_to_powdered" energyCost="1000" bonusType="chance_only">
      <input><itemStack modID="exnihilo" itemName="osmium_sand"/></input>
      <output>
        <itemStack modID="exnihilo" itemName="exnihilo.osmium_powdered" number="4" itemMeta="0"/>
        <itemStack modID="exnihilo" itemName="exnihilo.osmium_powdered" number="1" itemMeta="0" chance="0.5"/>
        <itemStack modID="exnihilo" itemName="exnihilo.osmium_powdered" number="1" itemMeta="0" chance="0.05"/>
      </output>
    </recipe>
    <!-- dust to dust -->
    <recipe name="iron_dust_to_dustIron" energyCost="3200" bonusType="chance_only">
      <input><itemStack modID="exnihilo" itemName="iron_dust"/></input>
      <output>
        <itemStack oreDictionary="dustIron" number="2"/>
        <itemStack oreDictionary="dustNickel" number="1" chance="0.1"/>
      </output>
    </recipe>
    <recipe name="gold_dust_to_dustGold" energyCost="3200" bonusType="chance_only">
      <input><itemStack modID="exnihilo" itemName="gold_dust"/></input>
      <output>
        <itemStack oreDictionary="dustGold" number="2"/>
        <itemStack oreDictionary="dustCopper" number="1" chance="0.1"/>
      </output>
    </recipe>
    <recipe name="copper_dust_to_dustCopper" energyCost="3200" bonusType="chance_only">
      <input><itemStack modID="exnihilo" itemName="copper_dust"/></input>
      <output>
        <itemStack oreDictionary="dustCopper" number="2"/>
        <itemStack oreDictionary="dustGold" number="1" chance="0.1"/>
      </output>
    </recipe>
    <recipe name="tin_dust_to_dustTin" energyCost="3200" bonusType="chance_only">
      <input><itemStack modID="exnihilo" itemName="tin_dust"/></input>
      <output>
        <itemStack oreDictionary="dustTin" number="2"/>
        <itemStack oreDictionary="dustIron" number="1" chance="0.1"/>
      </output>
    </recipe>
    <recipe name="silver_dust_to_dustSilver" energyCost="3200" bonusType="chance_only">
      <input><itemStack modID="exnihilo" itemName="silver_dust"/></input>
      <output>
        <itemStack oreDictionary="dustSilver" number="2"/>
        <itemStack oreDictionary="dustLead" number="1" chance="0.1"/>
      </output>
    </recipe>
    <recipe name="lead_dust_to_dustLead" energyCost="3200" bonusType="chance_only">
      <input><itemStack modID="exnihilo" itemName="lead_dust"/></input>
      <output>
        <itemStack oreDictionary="dustLead" number="2"/>
        <itemStack oreDictionary="dustSilver" number="1" chance="0.1"/>
      </output>
    </recipe>
    <recipe name="nickel_dust_to_dustNickel" energyCost="3200" bonusType="chance_only">
      <input><itemStack modID="exnihilo" itemName="nickel_dust"/></input>
      <output>
        <itemStack oreDictionary="dustNickel" number="2"/>
        <itemStack oreDictionary="dustPlatinum" number="1" chance="0.1"/>
      </output>
    </recipe>
    <recipe name="platinum_dust_to_dustPlatinum" energyCost="3200" bonusType="chance_only">
      <input><itemStack modID="exnihilo" itemName="platinum_dust"/></input>
      <output>
        <itemStack oreDictionary="dustPlatinum" number="2"/>
        <itemStack oreDictionary="dustPlatinum" number="1" chance="0.1"/>
      </output>
    </recipe>
    <recipe name="aluminum_dust_to_dustAluminum" energyCost="3200" bonusType="chance_only">
      <input><itemStack modID="exnihilo" itemName="aluminum_dust"/></input>
      <output>
        <itemStack oreDictionary="dustAluminum" number="2"/>
        <itemStack oreDictionary="dustAluminum" number="1" chance="0.1"/>
      </output>
    </recipe>
    <recipe name="osmium_dust_to_dustOsmium" energyCost="3200" bonusType="chance_only">
      <input><itemStack modID="exnihilo" itemName="osmium_dust"/></input>
      <output>
        <itemStack oreDictionary="dustOsmium" number="2"/>
        <itemStack oreDictionary="dustOsmium" number="1" chance="0.1"/>
      </output>
    </recipe>
  </recipeGroup>

  <grindingBalls>
    <grindingBall id="Flint" grindingMultiplier="1.2" chanceMultiplier="1.25" powerMultiplier="0.85"
      durationRF="24000">
      <itemStack modID="minecraft" itemName="flint" />
    </grindingBall>
    <grindingBall id="DarkSteelBall" grindingMultiplier="1.5" chanceMultiplier="2" powerMultiplier="0.7"
      durationRF="100000">
      <itemStack modID="EnderIO" itemName="itemMaterial" itemMeta="7" />
    </grindingBall>

    <excludes>
      <itemStack modID="minecraft" itemName="glowstone" />
      <itemStack modID="minecraft" itemName="wool" itemMeta="*" />
      <itemStack modID="minecraft" itemName="quartz_block" itemMeta="*" />
      <itemStack modID="minecraft" itemName="quartz_stairs" />
      <itemStack modID="minecraft" itemName="stone_slab" itemMeta="7" />

      <itemStack modID="minecraft" itemName="quartz" />
      <itemStack oreDictionary="crystalCertusQuartz" />
      <itemStack oreDictionary="crystalFluix" />
    </excludes>

  </grindingBalls>

</SAGMillRecipes>
